,alcohol,volatile acidity,citric acid,sulphates,quality,best_quality
0,9.4,0.7,0.0,0.56,5,0
1,9.8,0.88,0.0,0.68,5,0
2,9.8,0.76,0.04,0.65,5,0
3,9.8,0.28,0.56,0.58,6,0
4,9.4,0.7,0.0,0.56,5,0
5,9.4,0.66,0.0,0.56,5,0
6,9.4,0.6,0.06,0.46,5,0
7,10.0,0.65,0.0,0.47,7,1
8,9.5,0.58,0.02,0.57,7,1
9,10.5,0.5,0.36,0.8,5,0
10,9.2,0.58,0.08,0.54,5,0
11,10.5,0.5,0.36,0.8,5,0
12,9.9,0.615,0.0,0.52,5,0
13,9.1,0.61,0.29,1.56,5,0
14,9.2,0.62,0.18,0.88,5,0
15,9.2,0.62,0.19,0.93,5,0
16,10.5,0.28,0.56,0.75,7,1
17,9.3,0.56,0.28,1.28,5,0
18,9.0,0.59,0.08,0.5,4,0
19,9.2,0.32,0.51,1.08,6,0
20,9.4,0.22,0.48,0.53,6,0
21,9.7,0.39,0.31,0.65,5,0
22,9.5,0.43,0.21,0.91,5,0
23,9.4,0.49,0.11,0.53,5,0
24,9.7,0.4,0.14,0.63,6,0
25,9.3,0.39,0.16,0.56,5,0
26,9.5,0.41,0.24,0.59,5,0
27,9.5,0.43,0.21,0.91,5,0
28,9.4,0.71,0.0,0.55,5,0
29,9.8,0.645,0.0,0.59,6,0
30,10.1,0.675,0.07,0.54,5,0
31,10.6,0.685,0.0,0.57,6,0
32,9.8,0.655,0.12,0.66,5,0
33,9.4,0.605,0.12,0.52,6,0
34,9.2,0.32,0.25,0.55,5,0
35,9.6,0.645,0.0,0.55,6,0
36,10.8,0.6,0.14,0.6,6,0
37,9.7,0.38,0.28,0.73,7,1
38,9.8,1.13,0.09,0.48,4,0
39,10.5,0.45,0.36,0.83,5,0
40,10.5,0.45,0.36,0.83,5,0
41,9.3,0.61,0.3,0.51,4,0
42,10.5,0.49,0.2,0.9,6,0
43,10.3,0.66,0.22,1.2,5,0
44,9.5,0.67,0.02,0.52,5,0
45,13.1,0.52,0.15,0.56,4,0
46,9.2,0.935,0.43,0.73,5,0
47,9.5,0.29,0.52,0.58,5,0
48,9.2,0.4,0.23,0.56,5,0
49,9.2,0.31,0.37,0.58,5,0
50,9.2,0.66,0.26,0.74,5,0
51,9.4,0.52,0.04,0.63,6,0
52,9.4,0.5,0.04,0.64,6,0
53,9.4,0.38,0.36,0.56,5,0
54,10.2,0.51,0.15,0.63,6,0
55,9.5,0.62,0.04,0.53,5,0
56,9.6,0.42,0.57,0.63,5,0
57,9.4,0.63,0.12,0.77,5,0
58,10.0,0.59,0.18,0.59,5,0
59,9.4,0.39,0.31,0.54,6,0
60,9.2,0.4,0.4,0.64,5,0
61,9.3,0.69,0.49,0.71,5,0
62,9.5,0.52,0.16,0.62,7,1
63,9.8,0.735,0.05,0.57,5,0
64,10.9,0.725,0.05,0.39,5,0
65,10.9,0.725,0.05,0.39,5,0
66,9.6,0.52,0.11,0.58,5,0
67,10.7,0.705,0.07,0.58,5,0
68,10.7,0.32,0.57,0.79,5,0
69,10.5,0.705,0.05,0.95,6,0
70,9.5,0.63,0.08,0.54,6,0
71,9.5,0.67,0.23,0.48,5,0
72,9.5,0.69,0.22,0.48,5,0
73,9.2,0.675,0.26,0.53,4,0
74,9.6,0.32,0.54,0.82,5,0
75,10.5,0.41,0.64,0.66,5,0
76,10.5,0.41,0.64,0.66,5,0
77,10.7,0.785,0.0,0.55,6,0
78,10.1,0.75,0.12,0.52,5,0
79,9.1,0.625,0.2,1.12,4,0
80,9.2,0.45,0.2,0.56,5,0
81,9.4,0.43,0.7,1.28,5,0
82,9.1,0.5,0.47,0.57,5,0
83,9.4,0.67,0.26,1.14,5,0
84,10.3,0.3,0.48,0.78,6,0
85,10.1,0.55,0.15,0.59,5,0
86,9.9,0.49,0.28,1.95,6,0
87,9.6,0.49,0.26,0.64,5,0
88,9.5,0.39,0.44,1.22,5,0
89,9.0,0.62,0.08,0.53,5,0
90,9.5,0.52,0.26,0.54,5,0
91,9.9,0.49,0.28,1.95,6,0
92,9.8,0.49,0.29,1.98,5,0
93,9.6,0.49,0.26,0.64,5,0
94,10.5,1.02,0.04,0.48,4,0
95,12.9,0.6,0.17,0.6,6,0
96,10.7,0.775,0.0,0.56,5,0
97,9.2,0.5,0.25,0.63,5,0
98,9.8,0.9,0.06,0.56,5,0
99,9.0,0.545,0.18,0.59,6,0
100,10.2,0.61,0.3,0.61,6,0
101,10.4,0.5,0.3,0.56,6,0
102,9.0,0.545,0.18,0.59,6,0
103,9.2,0.575,0.22,0.51,5,0
104,9.4,0.49,0.24,0.48,5,0
105,9.2,0.575,0.22,0.51,5,0
106,9.3,0.41,0.68,1.31,5,0
107,9.3,0.63,0.31,0.79,5,0
108,9.6,0.33,0.53,0.8,6,0
109,9.3,0.785,0.52,0.69,5,0
110,9.5,0.56,0.19,0.93,5,0
111,9.8,0.62,0.09,0.66,5,0
112,9.8,0.6,0.1,0.66,5,0
113,9.7,0.31,0.44,0.67,6,0
114,9.5,0.56,0.19,0.93,5,0
115,10.5,0.4,0.31,0.63,6,0
116,10.0,0.54,0.28,0.61,6,0
117,9.4,0.56,0.12,0.5,6,0
118,10.9,0.55,0.04,0.6,6,0
119,9.2,0.69,0.08,0.54,6,0
120,9.0,1.07,0.09,0.57,5,0
121,10.9,0.55,0.04,0.6,6,0
122,9.2,0.695,0.0,0.52,5,0
123,9.5,0.71,0.0,0.53,5,0
124,9.5,0.5,0.17,0.48,5,0
125,9.4,0.62,0.04,0.7,5,0
126,10.9,1.33,0.0,0.49,5,0
127,10.9,1.33,0.0,0.48,5,0
128,10.5,0.59,0.16,0.92,7,1
129,9.4,0.38,0.15,0.57,5,0
130,9.4,0.745,0.56,0.66,5,0
131,13.0,0.5,0.09,0.63,5,0
132,13.0,0.5,0.09,0.63,5,0
133,9.8,0.5,0.01,0.58,6,0
134,9.9,1.04,0.05,0.55,6,0
135,9.6,0.745,0.11,0.82,5,0
136,9.5,0.715,0.15,0.77,5,0
137,9.2,0.415,0.36,0.64,5,0
138,9.5,0.56,0.19,0.54,5,0
139,9.5,0.56,0.19,0.54,5,0
140,9.6,0.745,0.11,0.82,5,0
141,9.5,0.715,0.15,0.77,5,0
142,14.0,0.34,0.0,0.79,6,0
143,9.4,0.39,0.08,0.58,5,0
144,14.0,0.34,0.0,0.79,6,0
145,9.4,0.67,0.55,0.62,5,0
146,10.0,0.68,0.02,0.52,5,0
147,9.3,0.49,0.26,0.8,5,0
148,10.2,0.49,0.1,0.58,6,0
149,10.5,0.4,0.44,0.61,6,0
150,10.3,0.33,0.47,0.53,6,0
151,9.4,0.52,1.0,2.0,4,0
152,10.1,0.6,0.03,0.54,5,0
153,10.1,0.6,0.03,0.54,5,0
154,10.5,0.43,0.42,0.72,5,0
155,10.5,0.43,0.42,0.71,5,0
156,10.5,0.43,0.42,0.72,5,0
157,10.5,0.43,0.42,0.71,5,0
158,9.3,0.68,0.0,0.5,5,0
159,9.3,0.6,0.18,0.57,6,0
160,9.6,0.95,0.03,0.56,5,0
161,9.2,0.68,0.02,1.08,4,0
162,10.0,0.53,0.04,0.56,6,0
163,9.4,0.6,0.26,0.49,5,0
164,9.4,0.59,0.26,0.49,5,0
165,9.5,0.63,0.48,0.62,5,0
166,10.2,0.64,0.1,0.52,5,0
167,9.0,0.55,0.03,0.48,4,0
168,10.4,0.63,0.07,0.55,6,0
169,9.5,0.705,0.24,1.59,5,0
170,9.1,0.885,0.03,0.33,4,0
171,9.2,0.42,0.17,0.61,6,0
172,9.2,0.42,0.17,0.61,6,0
173,11.5,0.62,0.05,0.57,6,0
174,9.5,0.38,0.21,0.47,5,0
175,9.5,0.5,0.04,0.78,5,0
176,9.5,0.38,0.21,0.47,5,0
177,10.5,0.52,0.42,0.61,6,0
178,9.6,0.805,0.0,0.56,5,0
179,9.5,0.61,0.14,0.59,5,0
180,9.5,0.61,0.14,0.59,5,0
181,9.3,0.61,0.49,1.02,5,0
182,9.3,0.73,0.02,0.52,5,0
183,9.3,0.61,0.2,0.58,5,0
184,9.3,0.62,0.21,0.58,6,0
185,9.7,0.31,0.57,0.53,5,0
186,9.2,0.39,0.48,0.55,5,0
187,9.7,0.705,0.1,0.49,5,0
188,9.5,0.5,0.33,0.55,5,0
189,9.5,0.49,0.32,0.55,5,0
190,9.4,0.5,0.35,0.62,5,0
191,9.8,0.37,0.25,0.62,6,0
192,9.5,0.63,0.12,0.61,5,0
193,9.7,0.55,0.21,0.55,5,0
194,9.7,0.55,0.21,0.55,5,0
195,9.4,0.59,0.33,0.54,5,0
196,10.2,0.58,0.3,0.59,5,0
197,10.1,0.3,0.6,0.97,6,0
198,13.0,0.835,0.08,0.85,7,1
199,11.4,1.09,0.06,0.43,4,0
200,10.3,0.32,0.47,0.82,7,1
201,9.3,0.37,0.48,1.03,5,0
202,9.5,0.5,0.11,0.79,5,0
203,9.2,0.42,0.35,0.55,5,0
204,9.2,0.43,0.36,0.56,6,0
205,10.8,0.3,0.74,0.77,7,1
206,10.8,0.3,0.74,0.77,7,1
207,9.3,0.57,0.31,0.53,5,0
208,9.4,0.44,0.28,0.67,5,0
209,10.5,0.3,0.58,0.88,7,1
210,12.4,0.53,0.6,0.86,6,0
211,10.0,0.725,0.24,0.56,6,0
212,10.2,0.44,0.64,0.67,6,0
213,10.1,0.57,0.26,0.43,5,0
214,9.8,0.735,0.08,0.71,6,0
215,10.5,0.49,0.49,0.76,5,0
216,11.0,0.625,0.16,0.57,5,0
217,9.1,0.725,0.22,0.55,5,0
218,9.7,0.49,0.19,0.54,5,0
219,9.5,0.53,0.33,0.6,5,0
220,9.4,0.34,0.37,0.59,6,0
221,9.4,0.53,0.26,0.57,5,0
222,9.5,0.61,0.04,0.6,5,0
223,10.0,0.645,0.25,0.6,6,0
224,10.4,0.635,0.36,0.57,4,0
225,10.5,0.43,0.25,0.58,6,0
226,9.5,0.59,0.5,1.61,6,0
227,9.8,0.82,0.14,0.63,5,0
228,10.5,0.43,0.25,0.58,6,0
229,11.0,0.52,0.25,0.5,5,0
230,12.2,0.48,0.04,0.62,7,1
231,9.9,0.38,0.06,0.52,6,0
232,9.6,0.37,0.2,0.7,6,0
233,11.0,0.52,0.25,0.5,5,0
234,9.0,1.0,0.09,0.55,6,0
235,9.0,0.63,0.0,0.58,6,0
236,9.0,0.63,0.0,0.58,6,0
237,9.2,0.645,0.0,0.58,6,0
238,9.0,0.63,0.0,0.58,6,0
239,9.0,1.0,0.09,0.55,6,0
240,9.3,0.635,0.37,1.09,5,0
241,10.9,0.38,0.56,0.71,6,0
242,9.8,0.58,0.1,0.49,6,0
243,9.2,0.21,0.44,0.84,7,1
244,9.2,0.21,0.44,0.84,7,1
245,9.9,0.66,0.0,0.96,6,0
246,9.5,0.68,0.07,0.52,5,0
247,9.3,0.6,0.17,0.45,5,0
248,9.8,0.53,0.06,0.48,6,0
249,9.9,0.66,0.0,0.96,6,0
250,10.0,0.32,0.44,0.78,6,0
251,9.9,0.6,0.0,0.7,6,0
252,10.5,0.35,0.48,0.53,5,0
253,9.5,0.775,0.42,0.59,5,0
254,9.9,0.6,0.0,0.7,6,0
255,9.3,0.57,0.23,0.57,5,0
256,9.2,0.34,0.37,0.62,5,0
257,9.2,0.695,0.0,0.67,5,0
258,9.4,0.41,0.76,1.26,5,0
259,10.5,0.31,0.47,0.8,7,1
260,9.3,0.33,0.23,0.65,5,0
261,9.4,0.975,0.04,0.6,4,0
262,10.0,0.52,0.03,0.57,5,0
263,9.3,0.37,0.23,0.67,5,0
264,10.9,0.56,0.49,0.87,5,0
265,10.2,0.26,0.52,0.72,7,1
266,9.8,0.87,0.0,0.72,4,0
267,12.8,0.35,0.46,0.86,8,1
268,9.4,0.54,0.04,0.91,6,0
269,10.1,0.18,0.51,0.97,6,0
270,10.7,0.545,0.06,0.67,6,0
271,10.1,0.18,0.51,0.97,6,0
272,10.1,0.37,0.58,0.78,5,0
273,9.4,0.715,0.2,0.64,5,0
274,9.4,0.65,0.18,0.77,5,0
275,10.7,0.545,0.06,0.67,6,0
276,9.4,0.54,0.04,0.91,6,0
277,10.1,0.18,0.51,0.97,6,0
278,12.6,0.32,0.45,0.82,8,1
279,10.5,0.4,0.32,0.77,7,1
280,9.3,0.26,0.44,0.82,6,0
281,9.9,0.27,0.68,1.08,7,1
282,9.1,0.52,0.12,0.57,5,0
283,10.5,0.4,0.32,0.77,7,1
284,9.8,0.59,0.07,0.71,5,0
285,9.8,0.59,0.07,0.71,5,0
286,10.3,0.45,0.55,0.76,6,0
287,10.3,0.4,0.12,0.7,6,0
288,10.6,0.52,0.09,0.86,7,1
289,9.2,0.42,0.53,0.95,5,0
290,10.6,0.52,0.09,0.86,7,1
291,10.5,0.2,0.48,0.71,5,0
292,10.3,0.55,0.23,0.64,6,0
293,10.1,0.36,0.25,0.6,6,0
294,9.5,0.34,0.52,0.81,6,0
295,9.5,0.5,0.46,0.64,5,0
296,9.9,0.83,0.37,0.52,5,0
297,9.6,0.63,0.06,0.73,5,0
298,9.7,0.65,0.02,0.8,5,0
299,9.6,0.67,0.06,0.71,5,0
300,10.7,0.53,0.06,0.59,6,0
301,10.1,0.18,0.48,0.64,6,0
302,10.0,0.705,0.12,0.72,5,0
303,9.5,0.67,0.12,0.54,5,0
304,9.2,0.65,0.6,0.52,5,0
305,9.3,0.53,0.48,0.59,6,0
306,9.4,0.62,0.32,0.52,5,0
307,9.5,0.41,0.42,0.62,6,0
308,9.5,0.43,0.44,0.63,6,0
309,9.5,0.29,0.38,0.53,6,0
310,9.3,0.53,0.48,0.59,6,0
311,9.4,0.53,0.24,0.54,6,0
312,9.5,0.46,0.31,0.63,6,0
313,9.4,0.47,0.3,0.53,5,0
314,11.0,0.36,0.29,0.68,5,0
315,11.0,0.35,0.29,0.65,6,0
316,10.1,0.56,0.23,0.65,5,0
317,10.4,0.77,0.12,0.64,6,0
318,11.5,0.66,0.39,0.71,7,1
319,10.4,0.77,0.12,0.64,6,0
320,11.5,0.66,0.39,0.71,7,1
321,9.7,0.61,0.26,0.62,5,0
322,9.3,0.62,0.05,0.63,5,0
323,9.5,0.59,0.42,0.7,6,0
324,9.2,0.49,0.2,0.69,6,0
325,9.2,0.49,0.2,0.69,6,0
326,11.5,0.53,0.66,0.74,7,1
327,11.5,0.44,0.5,0.83,5,0
328,9.7,0.27,0.62,0.67,6,0
329,9.5,0.46,0.39,0.62,5,0
330,12.5,0.36,0.64,0.66,6,0
331,12.5,0.36,0.64,0.66,6,0
332,9.4,0.58,0.28,0.54,6,0
333,11.0,0.56,0.08,0.52,5,0
334,11.7,0.65,0.01,0.74,7,1
335,12.2,0.695,0.53,0.84,7,1
336,12.5,0.43,0.45,0.7,6,0
337,10.3,0.43,0.32,0.64,5,0
338,11.5,0.49,0.58,1.0,6,0
339,9.8,0.28,0.54,1.36,7,1
340,9.2,0.34,0.5,1.18,6,0
341,11.3,0.42,0.48,0.87,6,0
342,9.8,0.39,0.47,0.75,6,0
343,9.8,0.39,0.47,0.75,6,0
344,10.7,0.57,0.5,0.78,6,0
345,9.9,0.685,0.0,0.81,5,0
346,12.3,0.815,0.02,0.89,7,1
347,12.0,0.49,0.67,0.93,6,0
348,10.0,0.56,0.31,0.92,6,0
349,9.4,0.785,0.0,0.86,6,0
350,9.9,0.67,0.22,0.98,6,0
351,9.4,0.795,0.0,0.83,6,0
352,9.3,0.665,0.0,0.73,5,0
353,13.0,0.53,0.79,0.77,5,0
354,11.9,0.21,0.4,0.59,6,0
355,12.8,0.75,0.01,0.61,6,0
356,11.0,0.41,0.52,0.88,5,0
357,11.7,0.42,0.66,0.75,7,1
358,10.4,0.43,0.66,0.85,7,1
359,9.8,0.38,0.66,0.68,6,0
360,9.4,0.7,0.23,0.7,5,0
361,9.9,0.45,0.31,0.91,6,0
362,10.0,0.58,0.66,0.56,5,0
363,10.2,0.46,0.63,0.87,5,0
364,10.0,0.615,0.66,0.73,7,1
365,11.8,0.42,0.5,0.93,6,0
366,10.0,0.615,0.66,0.73,7,1
367,9.0,0.575,0.61,0.69,5,0
368,9.4,0.34,0.52,0.64,5,0
369,12.0,0.27,0.53,1.13,7,1
370,9.9,0.765,0.02,0.78,5,0
371,8.7,0.24,0.4,0.87,6,0
372,10.6,0.28,0.48,1.04,6,0
373,9.2,0.55,0.22,0.63,5,0
374,10.8,0.41,0.63,0.81,6,0
375,11.8,0.54,0.71,0.83,7,1
376,11.0,0.45,0.5,1.11,6,0
377,12.0,0.27,0.53,1.13,7,1
378,13.3,0.625,0.66,0.99,6,0
379,10.8,0.42,0.38,0.7,6,0
380,9.4,0.26,0.42,0.8,6,0
381,10.0,0.415,0.68,0.8,6,0
382,9.4,0.26,0.42,0.8,6,0
383,9.4,0.26,0.42,0.8,6,0
384,9.2,0.51,0.28,0.74,5,0
385,9.7,0.63,0.07,0.76,6,0
386,9.2,0.54,0.26,0.74,6,0
387,9.6,0.66,0.15,0.54,6,0
388,9.2,0.46,0.26,0.74,6,0
389,10.0,0.38,0.31,0.7,7,1
390,12.9,0.85,0.05,0.82,8,1
391,10.0,0.415,0.68,0.8,6,0
392,9.5,0.37,0.52,0.51,5,0
393,9.1,0.665,0.61,0.54,5,0
394,9.9,0.6,0.65,0.57,5,0
395,13.0,0.37,0.76,0.6,7,1
396,9.9,0.735,0.02,0.53,5,0
397,11.0,0.59,0.59,0.65,6,0
398,11.0,0.59,0.59,0.65,6,0
399,9.4,0.765,0.22,0.55,5,0
400,9.9,0.735,0.02,0.53,5,0
401,10.8,0.26,0.3,0.47,6,0
402,10.5,0.48,0.54,0.61,6,0
403,10.5,0.6,0.49,0.63,6,0
404,9.1,0.69,0.05,0.61,5,0
405,10.1,0.31,0.46,0.76,6,0
406,10.8,0.44,0.47,0.65,6,0
407,10.8,0.39,0.66,0.63,7,1
408,11.3,0.34,0.58,0.7,6,0
409,9.6,0.46,0.49,0.57,4,0
410,9.5,0.43,0.34,0.62,6,0
411,9.5,0.45,0.35,0.62,5,0
412,9.3,0.735,0.16,0.64,5,0
413,11.7,0.4,0.53,0.82,7,1
414,9.5,0.52,0.34,0.61,5,0
415,9.3,0.725,0.24,1.07,5,0
416,11.7,0.48,0.64,0.66,6,0
417,10.5,0.58,0.12,0.48,5,0
418,10.4,0.38,0.51,0.76,6,0
419,9.9,0.77,0.0,0.68,5,0
420,11.8,0.56,0.33,0.73,7,1
421,12.3,0.84,0.03,0.56,7,1
422,10.9,0.96,0.2,0.44,5,0
423,11.0,0.24,0.47,0.9,7,1
424,10.9,0.96,0.2,0.44,5,0
425,12.3,0.84,0.03,0.56,7,1
426,11.4,0.67,0.08,0.49,6,0
427,10.6,0.78,0.22,0.56,6,0
428,9.3,0.52,0.33,0.6,5,0
429,10.4,0.84,0.63,0.6,6,0
430,11.0,0.24,0.47,0.9,7,1
431,9.2,0.55,0.35,0.56,5,0
432,12.8,0.37,0.69,0.65,6,0
433,9.5,0.39,0.63,0.49,5,0
434,9.9,0.41,0.55,0.89,6,0
435,9.5,0.39,0.63,0.49,5,0
436,10.2,0.67,0.3,0.56,6,0
437,11.2,0.45,0.73,0.66,6,0
438,9.9,0.41,0.55,0.89,6,0
439,9.3,0.62,0.18,0.6,5,0
440,9.8,0.31,0.72,0.82,8,1
441,11.3,0.4,0.65,0.68,6,0
442,11.2,0.685,0.76,0.68,7,1
443,11.6,0.44,0.49,0.63,7,1
444,12.5,0.57,0.01,0.84,7,1
445,10.1,0.735,0.1,0.56,6,0
446,10.5,0.38,0.6,0.73,5,0
447,11.2,0.48,0.29,0.72,5,0
448,10.2,0.53,0.22,0.56,6,0
449,10.8,0.39,0.69,0.61,6,0
450,10.8,0.39,0.69,0.61,6,0
451,9.1,0.37,0.53,1.06,6,0
452,10.0,0.56,0.03,0.63,6,0
453,11.2,0.33,0.63,0.74,7,1
454,11.1,0.23,0.4,0.63,5,0
455,13.4,0.62,0.67,0.69,8,1
456,10.3,0.59,0.39,0.58,5,0
457,9.6,0.63,0.21,0.58,5,0
458,11.2,0.33,0.63,0.74,7,1
459,9.0,0.58,0.66,0.57,3,0
460,11.3,0.43,0.52,0.61,6,0
461,9.3,0.615,0.22,0.61,5,0
462,11.8,0.26,0.68,0.61,5,0
463,9.0,0.66,0.7,0.53,5,0
464,9.2,0.315,0.54,0.7,6,0
465,9.7,0.29,0.4,0.91,5,0
466,11.5,0.5,0.42,0.72,6,0
467,14.0,0.46,0.45,0.79,6,0
468,9.2,0.36,0.69,0.62,6,0
469,9.8,0.82,0.02,0.58,5,0
470,10.6,0.32,0.65,0.61,5,0
471,11.4,0.54,0.42,0.71,6,0
472,10.4,0.37,0.55,0.82,6,0
473,10.6,0.35,0.55,0.79,5,0
474,9.4,0.28,0.51,0.89,6,0
475,10.2,0.68,0.24,0.6,5,0
476,9.7,0.27,0.41,0.7,5,0
477,11.0,0.24,0.49,1.06,6,0
478,10.2,0.68,0.24,0.6,5,0
479,10.1,0.685,0.11,0.7,6,0
480,9.2,0.28,0.39,0.66,5,0
481,11.7,0.3,0.56,0.92,8,1
482,9.4,0.36,0.59,1.05,5,0
483,9.4,0.36,0.6,1.06,5,0
484,13.4,0.44,0.68,0.66,6,0
485,10.0,0.67,0.39,0.47,5,0
486,10.0,0.67,0.39,0.47,5,0
487,10.0,0.645,0.36,0.42,6,0
488,10.8,0.32,0.55,0.92,7,1
489,10.2,0.39,0.4,0.75,6,0
490,10.6,0.775,0.27,0.67,6,0
491,13.3,0.41,0.5,0.79,7,1
492,13.4,0.4,0.51,0.9,7,1
493,11.6,0.69,0.31,0.74,6,0
494,12.1,0.39,0.23,0.55,6,0
495,11.0,0.35,0.53,0.65,8,1
496,9.0,0.52,0.25,0.65,6,0
497,11.1,0.34,0.32,0.79,5,0
498,11.0,0.35,0.53,0.65,8,1
499,11.6,0.69,0.31,0.74,6,0
500,9.0,0.52,0.25,0.65,6,0
501,12.0,0.44,0.73,0.85,7,1
502,12.0,0.44,0.73,0.85,7,1
503,10.9,0.26,0.47,1.04,7,1
504,10.8,0.24,0.42,1.05,7,1
505,12.5,0.49,0.63,0.78,7,1
506,10.8,0.24,0.46,1.02,7,1
507,9.5,0.67,0.55,0.71,6,0
508,10.2,0.59,0.31,0.63,6,0
509,11.4,0.29,0.75,0.68,7,1
510,9.5,0.42,0.49,0.61,5,0
511,10.2,0.59,0.31,0.63,6,0
512,9.7,0.4,0.48,0.81,6,0
513,11.8,0.51,0.64,0.66,7,1
514,11.8,0.51,0.64,0.66,7,1
515,9.3,0.655,0.49,1.14,5,0
516,11.9,0.6,0.49,0.74,6,0
517,8.4,0.61,0.49,0.63,3,0
518,11.7,0.21,0.49,0.68,6,0
519,11.0,0.365,0.49,0.78,5,0
520,10.0,0.25,0.49,0.9,6,0
521,9.1,0.41,0.49,0.64,5,0
522,9.8,0.39,0.49,0.99,5,0
523,9.4,0.4,0.49,0.55,5,0
524,9.5,0.43,0.49,0.64,5,0
525,9.9,0.64,0.24,0.67,5,0
526,11.0,0.365,0.49,0.78,5,0
527,11.4,0.38,0.49,0.77,6,0
528,8.7,0.42,0.49,0.75,6,0
529,9.4,0.63,0.24,0.57,5,0
530,10.3,0.22,0.24,0.87,6,0
531,10.3,0.38,0.49,0.61,5,0
532,10.3,0.38,0.49,0.61,5,0
533,12.8,0.27,0.24,0.66,6,0
534,10.0,0.48,0.24,0.56,6,0
535,10.3,0.22,0.24,0.87,6,0
536,9.4,0.63,0.24,0.57,5,0
537,10.7,0.825,0.24,0.77,6,0
538,12.0,0.35,0.49,0.66,7,1
539,11.2,0.5,0.74,0.62,5,0
540,9.6,0.59,0.24,0.67,5,0
541,11.0,0.46,0.49,0.73,6,0
542,9.9,0.715,0.24,0.59,5,0
543,11.0,0.66,0.24,0.72,6,0
544,8.4,0.31,0.74,0.79,6,0
545,9.1,0.47,0.49,0.59,5,0
546,9.5,0.55,0.24,0.78,6,0
547,10.7,0.31,0.49,0.86,6,0
548,10.4,0.35,0.49,0.75,6,0
549,9.4,0.53,0.49,0.61,6,0
550,9.5,0.51,0.01,0.56,6,0
551,10.0,0.43,0.24,0.73,6,0
552,10.0,0.46,0.24,0.74,6,0
553,11.5,1.04,0.24,0.62,5,0
554,11.1,0.645,0.49,0.74,5,0
555,11.1,0.645,0.49,0.74,5,0
556,11.7,0.53,0.49,0.56,6,0
557,11.1,0.645,0.49,0.74,5,0
558,11.7,0.53,0.49,0.56,6,0
559,12.7,0.47,0.49,0.68,6,0
560,11.4,0.6,0.49,0.57,5,0
561,9.2,0.44,0.49,0.58,5,0
562,9.2,0.54,0.49,0.61,5,0
563,10.1,0.29,0.49,0.61,6,0
564,12.7,0.47,0.49,0.68,6,0
565,11.4,0.6,0.49,0.57,5,0
566,9.0,0.7,0.24,0.6,6,0
567,9.0,0.7,0.24,0.6,6,0
568,10.7,0.5,0.49,0.79,6,0
569,11.7,0.36,0.24,0.57,6,0
570,11.0,0.35,0.49,0.91,6,0
571,11.7,0.36,0.24,0.57,6,0
572,10.4,0.24,0.49,0.61,5,0
573,9.6,0.59,0.49,0.56,4,0
574,10.0,0.34,0.49,0.7,6,0
575,10.2,0.27,0.49,0.8,6,0
576,10.0,0.5,0.24,0.52,4,0
577,9.5,0.44,0.49,0.6,5,0
578,9.8,0.47,0.49,0.6,5,0
579,9.8,0.31,0.49,0.51,6,0
580,9.6,0.5,0.49,0.44,5,0
581,9.6,0.5,0.49,0.44,5,0
582,9.2,0.49,0.49,0.43,5,0
583,9.9,0.28,0.49,0.66,7,1
584,10.7,0.33,0.49,0.76,7,1
585,9.6,0.51,0.24,0.66,6,0
586,10.6,0.31,0.49,1.02,7,1
587,9.3,0.73,0.24,0.59,5,0
588,14.0,0.42,0.24,0.74,8,1
589,10.5,0.29,0.49,0.74,7,1
590,9.7,0.45,0.49,0.57,5,0
591,11.5,0.39,0.49,0.5,6,0
592,9.7,0.45,0.49,0.57,5,0
593,9.0,0.49,0.58,0.58,5,0
594,9.5,0.72,0.17,0.53,5,0
595,9.3,0.595,0.41,0.57,5,0
596,9.3,0.4,0.51,0.6,6,0
597,10.0,0.58,0.58,0.63,6,0
598,9.8,0.585,0.18,0.48,6,0
599,9.3,0.59,0.45,0.7,6,0
600,10.0,0.915,0.27,0.47,4,0
601,9.0,0.46,0.52,0.56,6,0
602,9.3,0.835,0.0,0.52,5,0
603,9.0,0.46,0.52,0.56,6,0
604,9.1,0.58,0.13,0.62,6,0
605,9.2,0.6,0.13,0.59,6,0
606,12.2,0.41,0.48,0.79,7,1
607,10.5,0.48,0.41,0.53,6,0
608,10.4,0.65,0.37,0.64,6,0
609,12.7,0.36,0.19,0.52,6,0
610,9.2,0.24,0.54,0.54,5,0
611,9.4,0.38,0.55,0.54,5,0
612,10.0,0.64,0.0,0.6,6,0
613,9.8,0.39,0.38,0.74,5,0
614,10.2,0.755,0.18,1.36,6,0
615,9.7,0.6,0.5,0.57,5,0
616,9.7,0.6,0.5,0.57,5,0
617,9.8,0.31,0.51,0.93,6,0
618,10.2,0.46,0.5,0.7,5,0
619,9.3,0.37,0.41,0.8,5,0
620,9.4,0.54,0.24,0.61,5,0
621,9.4,0.56,0.23,0.62,5,0
622,9.5,0.58,0.22,0.55,5,0
623,12.1,0.51,0.25,0.96,6,0
624,10.2,0.69,0.0,0.72,5,0
625,10.2,0.69,0.0,0.72,5,0
626,9.1,0.6,0.29,0.49,5,0
627,9.1,0.6,0.29,0.49,5,0
628,9.3,0.54,0.26,0.6,6,0
629,9.3,0.685,0.23,0.61,5,0
630,9.3,0.54,0.26,0.6,6,0
631,9.5,0.28,0.54,0.63,5,0
632,10.5,0.41,0.14,0.57,6,0
633,11.3,0.935,0.22,0.64,4,0
634,9.5,0.35,0.21,0.58,5,0
635,9.7,0.84,0.0,0.55,5,0
636,9.4,0.88,0.28,0.53,5,0
637,9.4,0.885,0.27,0.53,5,0
638,10.2,0.915,0.12,0.65,7,1
639,10.3,0.29,0.35,1.36,6,0
640,9.4,0.54,0.45,0.62,5,0
641,9.5,0.59,0.44,0.63,5,0
642,9.4,0.54,0.45,0.62,5,0
643,9.5,0.59,0.44,0.63,5,0
644,9.4,0.54,0.45,0.62,5,0
645,10.1,0.64,0.1,0.69,7,1
646,10.1,0.67,0.05,0.63,5,0
647,11.0,0.845,0.01,0.58,4,0
648,11.2,0.48,0.3,0.67,7,1
649,11.3,0.42,0.27,0.57,6,0
650,9.6,0.43,0.39,0.5,5,0
651,11.2,0.88,0.25,0.67,5,0
652,14.9,0.36,0.65,0.84,5,0
653,12.0,0.33,0.59,0.54,6,0
654,9.5,0.47,0.47,0.46,5,0
655,9.4,0.55,0.17,0.61,5,0
656,9.6,0.43,0.39,0.5,5,0
657,10.5,0.5,0.59,0.68,7,1
658,9.6,0.52,0.07,0.81,6,0
659,11.0,0.84,0.02,0.57,4,0
660,9.6,0.52,0.07,0.81,6,0
661,9.0,0.42,0.31,0.64,5,0
662,9.6,0.57,0.06,0.7,6,0
663,10.2,0.28,0.46,0.79,6,0
664,10.2,0.4,0.52,0.66,5,0
665,9.7,0.59,0.14,0.56,5,0
666,9.5,0.49,0.36,0.6,6,0
667,9.2,0.34,0.45,0.66,6,0
668,11.0,0.73,0.43,0.57,5,0
669,9.2,0.34,0.45,0.66,6,0
670,10.0,0.4,0.24,0.58,5,0
671,9.5,0.73,0.21,0.52,5,0
672,9.5,1.24,0.34,0.53,5,0
673,9.5,0.73,0.21,0.52,5,0
674,9.3,0.4,0.41,0.67,6,0
675,10.2,0.41,0.39,0.65,5,0
676,9.3,0.4,0.41,0.67,6,0
677,9.9,0.8,0.11,0.48,5,0
678,10.0,0.78,0.1,0.53,5,0
679,9.6,0.26,0.45,0.54,5,0
680,9.0,0.43,0.58,0.49,5,0
681,10.2,0.45,0.23,0.49,6,0
682,9.8,0.46,0.31,0.54,5,0
683,11.3,0.78,0.23,0.56,5,0
684,9.4,0.98,0.32,0.48,5,0
685,11.3,0.78,0.23,0.56,5,0
686,9.1,0.65,0.18,0.6,5,0
687,9.7,0.64,0.23,0.59,5,0
688,9.4,0.66,0.04,0.47,5,0
689,9.4,0.38,0.48,1.05,5,0
690,10.7,1.185,0.0,0.54,3,0
691,9.8,0.92,0.24,0.54,5,0
692,9.0,0.49,0.51,1.17,5,0
693,9.4,0.48,0.32,0.62,5,0
694,9.4,0.47,0.31,0.61,5,0
695,12.8,0.47,0.02,0.62,6,0
696,9.5,0.65,0.02,0.67,6,0
697,9.5,0.65,0.02,0.67,6,0
698,9.7,0.615,0.28,0.53,5,0
699,10.8,0.38,0.55,0.62,6,0
700,10.1,1.02,0.43,0.57,6,0
701,9.5,0.65,0.02,0.67,6,0
702,9.4,0.64,0.02,0.67,6,0
703,9.6,0.38,0.48,0.7,4,0
704,9.7,0.765,0.04,0.54,4,0
705,9.9,1.035,0.15,0.49,5,0
706,10.0,0.78,0.08,0.47,5,0
707,10.5,0.49,0.19,0.51,5,0
708,11.6,0.545,0.12,0.61,6,0
709,10.0,0.31,0.47,0.66,6,0
710,10.1,1.025,0.43,0.57,5,0
711,9.5,0.565,0.34,0.61,5,0
712,9.4,0.69,0.0,0.45,5,0
713,9.4,0.43,0.36,0.46,5,0
714,9.8,0.74,0.28,0.51,5,0
715,9.2,0.49,0.18,0.48,6,0
716,9.4,0.43,0.36,0.46,5,0
717,10.0,0.46,0.11,0.57,5,0
718,9.6,0.56,0.04,0.44,5,0
719,9.5,0.66,0.0,0.54,5,0
720,9.6,0.56,0.04,0.44,5,0
721,9.2,0.48,0.24,0.53,5,0
722,10.0,0.42,0.08,0.59,5,0
723,9.5,0.31,0.3,1.62,5,0
724,11.2,1.115,0.1,0.6,4,0
725,10.4,0.66,0.17,0.55,5,0
726,11.1,0.72,0.09,0.72,6,0
727,9.5,0.57,0.02,0.68,5,0
728,9.5,0.57,0.02,0.68,5,0
729,12.7,0.865,0.03,0.49,6,0
730,9.6,0.55,0.66,0.67,5,0
731,11.5,0.875,0.13,0.52,5,0
732,9.6,0.835,0.03,0.47,5,0
733,9.5,0.45,0.34,0.6,5,0
734,9.3,0.56,0.2,0.62,5,0
735,9.5,0.965,0.1,0.5,5,0
736,9.5,0.965,0.1,0.5,5,0
737,9.3,0.59,0.0,0.65,6,0
738,9.2,0.46,0.23,0.56,5,0
739,9.3,0.69,0.0,0.6,5,0
740,11.5,0.76,0.29,0.68,6,0
741,9.5,0.53,0.24,0.57,5,0
742,9.2,0.615,0.0,0.65,5,0
743,10.0,0.41,0.58,0.53,5,0
744,9.5,0.39,0.54,0.51,5,0
745,9.5,0.51,0.18,0.73,6,0
746,9.0,0.34,0.38,0.47,6,0
747,9.4,0.33,0.4,0.48,5,0
748,9.6,0.5,0.18,0.72,6,0
749,9.5,0.51,0.18,0.73,6,0
750,9.5,0.65,0.1,0.55,5,0
751,9.5,0.65,0.1,0.55,5,0
752,9.4,0.54,0.13,0.61,5,0
753,9.5,0.65,0.1,0.55,5,0
754,9.1,0.48,0.68,1.06,6,0
755,10.7,0.91,0.07,0.43,6,0
756,11.2,0.98,0.01,0.46,6,0
757,9.8,0.87,0.0,0.5,5,0
758,9.8,0.87,0.0,0.5,5,0
759,9.2,0.42,0.21,0.52,5,0
760,9.7,0.58,0.25,0.57,5,0
761,9.6,0.655,0.26,0.42,5,0
762,10.0,0.7,0.0,0.53,6,0
763,9.6,0.655,0.26,0.42,5,0
764,9.5,0.68,0.11,0.55,6,0
765,9.5,0.67,0.1,0.54,6,0
766,9.4,0.59,0.18,0.54,5,0
767,9.5,0.6,0.32,0.62,5,0
768,9.7,0.59,0.02,0.53,6,0
769,9.6,0.72,0.01,0.54,5,0
770,9.7,0.59,0.02,0.53,6,0
771,9.4,0.685,0.26,0.55,5,0
772,9.4,0.57,0.27,0.55,5,0
773,9.5,0.4,0.29,0.92,6,0
774,9.5,0.4,0.3,0.91,6,0
775,10.0,1.0,0.0,0.46,5,0
776,10.3,0.765,0.18,0.6,6,0
777,10.3,0.635,0.17,0.59,6,0
778,10.5,0.43,0.3,0.61,5,0
779,9.8,0.52,0.03,0.6,5,0
780,9.4,0.57,0.0,0.6,6,0
781,9.8,0.46,0.14,0.65,5,0
782,10.0,0.82,0.05,0.53,5,0
783,9.8,0.46,0.14,0.65,5,0
784,9.8,0.59,0.01,0.59,5,0
785,9.5,0.35,0.41,0.5,5,0
786,9.5,0.35,0.41,0.5,5,0
787,10.1,0.56,0.24,0.56,6,0
788,10.1,0.56,0.24,0.56,6,0
789,9.3,0.63,0.17,0.52,5,0
790,9.7,0.37,0.43,0.68,6,0
791,9.6,0.64,0.17,0.54,5,0
792,9.7,0.61,0.02,0.6,6,0
793,10.8,0.6,0.0,0.56,5,0
794,12.5,0.27,0.54,0.53,6,0
795,10.2,0.89,0.3,1.18,5,0
796,9.6,0.46,0.31,0.74,5,0
797,10.8,0.37,0.44,0.81,7,1
798,10.7,0.5,0.34,0.52,6,0
799,10.7,0.5,0.34,0.52,6,0
800,9.4,0.61,0.08,0.51,5,0
801,10.0,0.55,0.09,0.44,5,0
802,12.9,0.585,0.0,0.94,7,1
803,9.6,0.56,0.08,0.66,6,0
804,9.9,0.52,0.22,0.57,6,0
805,12.8,0.28,0.4,0.7,7,1
806,12.5,0.25,0.39,0.71,7,1
807,12.8,0.28,0.4,0.7,7,1
808,9.2,0.53,0.12,0.86,5,0
809,10.3,0.48,0.31,0.55,6,0
810,10.5,0.49,0.1,0.47,5,0
811,10.9,0.5,0.55,0.68,6,0
812,10.8,0.45,0.33,0.71,5,0
813,11.4,0.39,0.24,0.58,4,0
814,11.3,0.41,0.54,0.76,6,0
815,10.8,0.45,0.33,0.71,5,0
816,10.5,0.51,0.19,0.58,6,0
817,11.9,0.29,0.42,0.73,6,0
818,9.4,0.715,0.0,0.45,5,0
819,9.6,0.66,0.15,0.54,5,0
820,9.7,0.685,0.0,0.6,5,0
821,14.0,0.42,0.0,0.74,7,1
822,9.8,0.54,0.13,0.64,5,0
823,9.8,0.54,0.13,0.64,5,0
824,10.3,0.48,0.28,0.53,5,0
825,10.7,0.46,0.14,0.49,5,0
826,11.0,0.27,0.34,0.64,7,1
827,10.7,0.46,0.14,0.49,5,0
828,12.7,0.57,0.09,0.74,8,1
829,11.1,0.61,0.08,0.77,6,0
830,10.9,0.685,0.07,0.55,4,0
831,11.1,0.61,0.08,0.77,6,0
832,9.9,0.44,0.42,0.86,3,0
833,9.9,0.47,0.44,0.86,4,0
834,9.4,0.685,0.26,0.47,5,0
835,9.3,0.665,0.1,0.51,5,0
836,11.7,0.28,0.28,0.39,7,1
837,11.7,0.28,0.28,0.39,7,1
838,11.2,0.31,0.35,0.83,7,1
839,10.0,0.5,0.04,0.47,5,0
840,12.1,0.42,0.47,0.77,7,1
841,10.3,0.66,0.0,0.63,5,0
842,10.9,0.5,0.45,0.72,6,0
843,9.4,0.685,0.35,0.62,5,0
844,10.6,0.25,0.46,0.83,6,0
845,9.8,0.64,0.21,0.66,5,0
846,9.8,0.64,0.21,0.66,5,0
847,9.9,0.68,0.16,0.7,6,0
848,9.8,0.64,0.21,0.66,5,0
849,9.8,0.63,0.21,0.66,5,0
850,9.5,0.43,0.44,0.55,5,0
851,9.5,0.43,0.44,0.55,5,0
852,9.7,0.42,0.32,1.07,5,0
853,10.9,0.36,0.39,0.73,6,0
854,10.9,0.36,0.39,0.73,6,0
855,11.7,0.735,0.02,0.71,7,1
856,10.9,0.36,0.39,0.73,6,0
857,11.3,0.26,0.34,0.78,7,1
858,10.6,0.28,0.47,0.67,7,1
859,11.2,0.56,0.22,0.82,6,0
860,9.5,0.62,0.06,0.54,5,0
861,11.5,1.01,0.66,0.6,6,0
862,10.4,0.42,0.32,0.44,5,0
863,9.7,0.62,0.06,0.53,5,0
864,9.5,0.62,0.06,0.54,5,0
865,9.7,0.635,0.07,0.54,5,0
866,11.3,0.49,0.22,0.83,6,0
867,11.2,0.51,0.23,0.84,6,0
868,11.2,0.56,0.22,0.82,6,0
869,10.9,0.63,0.03,0.64,6,0
870,11.8,0.715,0.01,0.57,6,0
871,10.6,0.56,0.03,0.57,5,0
872,10.0,0.35,0.24,0.54,4,0
873,11.1,0.21,0.37,0.58,7,1
874,11.8,0.38,0.46,0.65,7,1
875,11.8,0.31,0.4,0.79,7,1
876,10.9,0.47,0.0,0.58,4,0
877,11.8,0.715,0.01,0.57,6,0
878,10.0,0.61,0.19,0.5,6,0
879,9.5,0.6,0.04,0.55,5,0
880,9.9,0.56,0.18,0.49,5,0
881,11.4,0.715,0.0,0.65,6,0
882,12.0,0.31,0.29,0.78,6,0
883,9.5,0.6,0.04,0.55,5,0
884,10.0,0.61,0.19,0.5,6,0
885,10.5,0.75,0.14,0.64,5,0
886,10.4,0.8,0.12,0.65,6,0
887,12.1,0.52,0.38,0.79,7,1
888,11.2,0.57,0.0,0.56,6,0
889,9.3,0.9,0.34,0.68,5,0
890,10.1,0.34,0.24,0.58,5,0
891,9.7,0.66,0.03,0.57,5,0
892,9.3,0.45,0.23,0.65,6,0
893,9.7,0.66,0.03,0.57,5,0
894,9.8,0.63,0.03,0.58,6,0
895,10.7,0.59,0.01,0.58,6,0
896,12.5,0.31,0.39,0.77,7,1
897,10.7,0.59,0.01,0.58,6,0
898,12.5,0.31,0.39,0.77,7,1
899,11.0,1.02,0.02,0.49,3,0
900,11.8,0.31,0.36,0.69,5,0
901,10.8,0.635,0.1,0.69,7,1
902,10.8,0.635,0.1,0.69,7,1
903,10.8,0.59,0.06,0.59,7,1
904,10.8,0.59,0.06,0.59,7,1
905,9.5,0.58,0.2,0.59,5,0
906,11.0,0.54,0.27,0.71,5,0
907,11.5,0.56,0.0,0.54,6,0
908,10.8,0.52,0.13,0.59,6,0
909,11.5,0.305,0.39,0.52,6,0
910,13.2,0.38,0.48,0.57,6,0
911,10.9,0.28,0.46,0.6,6,0
912,12.2,0.46,0.44,0.62,6,0
913,12.2,0.395,0.46,0.64,7,1
914,11.5,0.305,0.39,0.52,6,0
915,11.9,0.315,0.4,0.67,6,0
916,11.0,0.715,0.19,0.61,5,0
917,10.1,0.41,0.31,0.64,6,0
918,11.0,0.36,0.32,0.72,6,0
919,11.8,0.62,0.12,0.89,6,0
920,10.5,0.41,0.37,0.56,5,0
921,11.0,0.36,0.32,0.72,6,0
922,11.8,0.62,0.12,0.89,6,0
923,10.1,0.41,0.31,0.64,6,0
924,11.2,0.47,0.27,0.8,5,0
925,11.0,0.22,0.36,0.87,7,1
926,10.2,0.24,0.33,0.9,6,0
927,9.2,0.67,0.19,0.59,4,0
928,11.2,0.47,0.27,0.8,5,0
929,12.0,0.33,0.38,0.73,7,1
930,10.5,0.61,0.01,0.73,5,0
931,9.8,0.61,0.01,0.65,5,0
932,9.5,0.4,0.29,0.59,6,0
933,9.8,0.61,0.01,0.65,5,0
934,10.5,0.61,0.01,0.73,5,0
935,11.8,0.3,0.38,0.72,6,0
936,11.8,0.3,0.38,0.72,6,0
937,10.4,0.63,0.5,0.6,4,0
938,12.9,0.38,0.38,0.72,7,1
939,11.4,0.46,0.17,0.54,5,0
940,12.4,0.33,0.52,0.76,7,1
941,12.5,0.27,0.49,0.52,7,1
942,10.0,0.43,0.4,0.64,7,1
943,9.7,0.5,0.34,0.6,7,1
944,12.1,0.3,0.49,0.64,7,1
945,11.1,0.44,0.42,0.79,7,1
946,12.0,0.44,0.58,0.99,7,1
947,12.4,0.28,0.48,0.62,7,1
948,11.9,0.12,0.45,0.76,7,1
949,11.9,0.12,0.45,0.76,7,1
950,11.9,0.12,0.45,0.76,7,1
951,12.4,0.28,0.48,0.62,7,1
952,11.2,0.31,0.4,0.68,7,1
953,12.1,0.34,0.48,0.69,7,1
954,12.2,0.43,0.4,0.54,6,0
955,10.4,0.21,0.52,0.67,5,0
956,11.3,0.36,0.52,0.62,6,0
957,11.1,0.37,0.52,0.58,6,0
958,11.3,0.57,0.12,0.71,7,1
959,10.0,0.59,0.05,0.61,5,0
960,11.1,0.47,0.27,0.85,6,0
961,9.3,0.56,0.14,0.62,5,0
962,9.5,0.57,0.02,0.69,5,0
963,11.2,0.27,0.39,0.69,6,0
964,11.1,0.47,0.27,0.85,6,0
965,11.0,0.34,0.4,0.86,6,0
966,11.9,0.38,0.41,0.58,7,1
967,9.2,0.66,0.2,0.48,5,0
968,12.2,0.4,0.43,0.6,6,0
969,10.2,0.56,0.09,0.61,5,0
970,10.9,0.26,0.48,0.87,6,0
971,10.9,0.26,0.48,0.87,6,0
972,11.6,0.38,0.5,0.65,7,1
973,10.7,0.34,0.44,0.63,5,0
974,12.1,0.33,0.41,0.62,7,1
975,9.4,0.41,0.3,0.52,5,0
976,9.4,0.41,0.3,0.52,5,0
977,9.1,0.59,0.29,0.5,5,0
978,11.3,0.4,0.32,0.49,7,1
979,10.4,0.45,0.49,0.63,5,0
980,10.5,0.5,0.3,0.71,6,0
981,10.0,0.86,0.26,0.62,5,0
982,12.9,0.52,0.32,0.82,6,0
983,10.5,0.5,0.3,0.71,6,0
984,10.4,0.45,0.49,0.63,5,0
985,11.3,0.58,0.0,0.58,6,0
986,11.4,0.34,0.39,0.55,7,1
987,9.4,0.36,0.3,0.5,5,0
988,9.4,0.39,0.12,0.49,5,0
989,10.9,0.295,0.4,0.51,6,0
990,9.4,0.39,0.12,0.49,5,0
991,9.4,0.34,0.28,0.48,5,0
992,9.4,0.4,0.1,0.48,6,0
993,9.4,0.34,0.28,0.48,5,0
994,9.4,0.35,0.45,0.43,5,0
995,10.1,0.6,0.06,0.62,6,0
996,12.8,0.66,0.0,0.63,7,1
997,12.8,0.66,0.0,0.63,7,1
998,9.1,0.84,0.34,0.48,6,0
999,12.9,0.69,0.0,0.53,6,0
1000,11.5,0.43,0.3,0.72,7,1
1001,10.6,0.35,0.38,0.82,7,1
1002,11.7,0.29,0.33,0.84,7,1
1003,12.8,0.36,0.32,0.55,7,1
1004,10.3,0.43,0.29,0.54,5,0
1005,12.8,0.36,0.32,0.55,7,1
1006,11.7,0.29,0.33,0.84,7,1
1007,11.7,0.3,0.34,0.84,7,1
1008,12.0,0.35,0.4,0.7,7,1
1009,10.9,0.5,0.36,0.68,5,0
1010,12.3,0.28,0.45,0.55,7,1
1011,10.4,0.32,0.31,0.55,6,0
1012,10.0,1.005,0.15,0.48,5,0
1013,10.0,0.71,0.0,0.58,6,0
1014,11.2,0.58,0.16,0.58,6,0
1015,11.4,0.39,0.46,0.84,6,0
1016,12.6,0.38,0.4,0.75,7,1
1017,12.7,0.18,0.37,0.44,6,0
1018,12.7,0.18,0.37,0.44,6,0
1019,10.4,0.5,0.14,0.61,5,0
1020,11.9,0.36,0.66,0.53,6,0
1021,11.9,0.36,0.66,0.53,6,0
1022,10.5,0.51,0.09,0.54,5,0
1023,12.3,0.32,0.42,0.55,6,0
1024,10.5,0.58,0.01,0.56,7,1
1025,10.4,0.83,0.0,0.6,6,0
1026,12.6,0.31,0.32,0.56,6,0
1027,11.6,0.795,0.0,0.52,5,0
1028,10.1,0.34,0.21,0.54,6,0
1029,10.5,0.58,0.01,0.56,7,1
1030,11.5,0.59,0.0,0.55,7,1
1031,11.0,0.55,0.01,0.58,7,1
1032,9.6,0.82,0.0,0.53,5,0
1033,10.4,0.57,0.08,0.59,6,0
1034,9.7,0.745,0.18,0.47,6,0
1035,10.6,0.37,0.34,0.65,7,1
1036,12.5,0.31,0.34,0.59,7,1
1037,9.2,0.91,0.1,0.56,5,0
1038,12.6,0.41,0.41,0.77,7,1
1039,11.1,0.5,0.21,0.83,6,0
1040,10.2,0.965,0.0,0.67,5,0
1041,9.8,0.49,0.19,0.64,6,0
1042,11.1,0.5,0.21,0.83,6,0
1043,10.9,0.39,0.41,0.81,7,1
1044,12.2,0.39,0.33,0.62,6,0
1045,11.4,0.44,0.0,0.58,6,0
1046,10.7,0.78,0.0,0.62,6,0
1047,10.4,0.43,0.17,0.64,5,0
1048,10.9,0.49,0.36,0.78,6,0
1049,10.8,0.5,0.36,0.77,6,0
1050,10.4,0.43,0.17,0.64,5,0
1051,9.2,0.46,0.59,1.34,5,0
1052,12.9,0.605,0.05,0.55,5,0
1053,12.7,0.33,0.42,0.77,7,1
1054,9.1,0.64,0.27,0.62,6,0
1055,9.1,0.64,0.27,0.62,6,0
1056,12.1,0.48,0.53,0.59,7,1
1057,9.1,0.42,0.25,0.57,5,0
1058,11.6,0.53,0.57,0.76,7,1
1059,12.1,0.48,0.53,0.59,7,1
1060,9.9,0.23,0.57,0.7,6,0
1061,12.5,0.4,0.5,0.69,8,1
1062,11.4,0.38,0.44,0.64,6,0
1063,11.8,0.29,0.65,0.63,6,0
1064,11.8,0.74,0.09,0.57,6,0
1065,10.2,0.61,0.18,0.6,6,0
1066,12.5,0.52,0.08,0.72,7,1
1067,10.9,0.31,0.53,0.83,7,1
1068,10.9,0.31,0.53,0.83,7,1
1069,10.8,0.62,0.35,0.62,5,0
1070,11.1,0.33,0.45,0.89,7,1
1071,9.2,0.77,0.2,0.58,5,0
1072,9.5,0.35,0.26,0.58,6,0
1073,10.7,0.62,0.33,0.58,6,0
1074,9.2,0.77,0.2,0.58,5,0
1075,10.2,0.25,0.34,0.86,7,1
1076,11.4,0.32,0.56,0.73,6,0
1077,11.0,0.37,0.65,0.58,5,0
1078,11.0,0.37,0.65,0.58,5,0
1079,12.3,0.3,0.68,0.51,7,1
1080,11.8,0.27,0.56,0.51,6,0
1081,12.3,0.3,0.68,0.51,7,1
1082,9.5,0.38,0.3,0.59,6,0
1083,12.0,0.42,0.45,0.77,6,0
1084,9.5,0.38,0.3,0.59,6,0
1085,9.6,0.48,0.08,0.49,5,0
1086,11.6,0.34,0.4,0.66,7,1
1087,11.2,0.19,0.42,0.69,6,0
1088,9.9,0.41,0.54,0.76,7,1
1089,9.9,0.41,0.54,0.76,7,1
1090,11.8,0.26,0.54,0.63,8,1
1091,11.4,0.34,0.42,0.6,6,0
1092,11.5,0.54,0.09,0.59,6,0
1093,12.0,0.31,0.36,0.86,7,1
1094,10.8,0.725,0.09,0.49,6,0
1095,10.5,0.4,0.47,0.5,5,0
1096,10.8,0.725,0.09,0.49,6,0
1097,9.4,0.52,0.38,0.52,5,0
1098,12.5,0.31,0.45,0.81,7,1
1099,9.4,0.52,0.38,0.52,5,0
1100,12.4,0.34,0.42,0.78,6,0
1101,12.0,0.49,0.27,0.63,6,0
1102,11.2,0.48,0.09,0.54,6,0
1103,12.0,0.49,0.27,0.63,6,0
1104,12.4,0.48,0.34,0.66,6,0
1105,12.8,0.57,0.28,0.6,5,0
1106,12.3,0.23,0.42,0.54,6,0
1107,11.7,0.3,0.41,0.85,7,1
1108,9.5,0.78,0.1,0.49,5,0
1109,10.8,0.47,0.43,0.76,6,0
1110,10.0,0.53,0.0,0.64,6,0
1111,12.3,0.42,0.27,0.64,7,1
1112,11.0,0.33,0.41,0.71,6,0
1113,9.5,0.24,0.39,0.59,6,0
1114,13.6,0.4,0.5,0.66,6,0
1115,11.3,0.69,0.07,0.6,6,0
1116,11.3,0.69,0.07,0.6,6,0
1117,11.3,0.69,0.07,0.6,6,0
1118,13.3,0.39,0.12,0.53,6,0
1119,12.9,0.66,0.0,0.58,5,0
1120,13.1,0.54,0.34,0.72,8,1
1121,12.3,0.5,0.0,0.55,6,0
1122,12.3,0.47,0.0,0.48,6,0
1123,11.2,0.4,0.37,0.65,6,0
1124,11.5,0.58,0.0,0.62,4,0
1125,11.3,0.24,0.35,0.59,7,1
1126,13.5,0.29,0.26,0.54,6,0
1127,11.5,0.76,0.0,0.6,6,0
1128,10.0,0.43,0.33,0.68,5,0
1129,10.5,0.43,0.35,0.69,6,0
1130,10.4,0.6,0.0,0.63,6,0
1131,9.5,0.19,0.21,0.44,5,0
1132,13.6,0.36,0.34,0.88,7,1
1133,11.2,0.48,0.07,0.68,7,1
1134,11.8,0.28,0.35,0.74,7,1
1135,11.9,0.25,0.43,0.6,6,0
1136,11.4,0.52,0.45,0.76,6,0
1137,11.4,0.52,0.45,0.76,6,0
1138,9.1,0.41,0.15,0.58,5,0
1139,9.5,0.51,0.24,0.64,6,0
1140,9.5,0.4,0.3,0.65,6,0
1141,11.0,0.38,0.32,0.85,6,0
1142,11.4,0.45,0.11,0.65,6,0
1143,10.0,0.22,0.3,0.82,6,0
1144,10.1,0.32,0.23,0.62,5,0
1145,10.4,0.2,0.43,0.81,6,0
1146,9.8,0.5,0.12,0.87,6,0
1147,11.8,0.41,0.45,0.49,7,1
1148,11.6,0.39,0.42,0.66,6,0
1149,12.0,0.35,0.47,0.52,6,0
1150,12.8,0.33,0.32,0.76,7,1
1151,12.5,0.58,0.23,0.65,6,0
1152,9.8,0.6,0.25,0.53,5,0
1153,11.1,0.42,0.35,0.66,6,0
1154,11.4,0.58,0.0,0.68,6,0
1155,9.8,0.6,0.25,0.53,5,0
1156,11.8,0.18,0.51,0.76,7,1
1157,12.9,0.51,0.18,0.87,7,1
1158,10.6,0.41,0.43,1.16,6,0
1159,10.8,0.41,0.43,0.67,5,0
1160,11.1,0.36,0.57,0.72,7,1
1161,10.2,0.45,0.43,0.75,6,0
1162,11.8,0.32,0.42,0.71,7,1
1163,10.0,0.785,0.24,0.67,5,0
1164,10.0,0.785,0.24,0.67,5,0
1165,9.4,0.44,0.5,1.1,5,0
1166,10.2,0.54,0.26,0.98,5,0
1167,12.4,0.33,0.39,0.88,7,1
1168,12.0,0.34,0.27,0.56,6,0
1169,11.5,0.5,0.29,0.62,6,0
1170,10.5,0.36,0.34,0.67,6,0
1171,10.8,0.59,0.0,0.68,6,0
1172,12.3,0.42,0.46,0.74,6,0
1173,9.5,0.36,0.31,0.62,6,0
1174,9.5,0.36,0.31,0.62,6,0
1175,11.5,0.61,0.0,0.7,6,0
1176,11.2,0.88,0.03,0.5,4,0
1177,12.7,0.66,0.0,0.66,7,1
1178,11.4,0.915,0.0,0.73,5,0
1179,11.0,0.35,0.33,0.81,6,0
1180,11.0,0.35,0.33,0.81,6,0
1181,11.4,0.39,0.43,0.46,5,0
1182,10.5,0.4,0.4,0.86,6,0
1183,9.3,0.66,0.07,0.6,5,0
1184,10.9,0.64,0.23,0.7,5,0
1185,11.9,0.43,0.3,0.46,6,0
1186,12.2,0.8,0.03,0.5,5,0
1187,11.9,0.43,0.3,0.46,6,0
1188,10.9,0.64,0.23,0.7,5,0
1189,9.6,0.955,0.05,0.44,4,0
1190,12.5,0.4,0.57,0.57,6,0
1191,10.8,0.885,0.0,0.51,5,0
1192,12.4,0.25,0.37,0.8,7,1
1193,10.8,0.885,0.0,0.51,5,0
1194,9.5,0.745,0.12,0.59,6,0
1195,9.5,0.43,0.22,0.6,6,0
1196,9.5,0.58,0.23,0.58,6,0
1197,9.8,0.57,0.21,0.54,6,0
1198,10.9,0.26,0.26,0.79,6,0
1199,9.5,0.58,0.23,0.58,6,0
1200,9.8,0.57,0.21,0.54,6,0
1201,11.2,0.34,0.36,0.54,7,1
1202,11.7,0.42,0.39,0.69,8,1
1203,9.4,0.74,0.19,0.55,5,0
1204,11.0,0.36,0.46,0.85,7,1
1205,11.0,0.36,0.46,0.85,7,1
1206,11.0,0.36,0.46,0.85,7,1
1207,10.0,0.72,0.55,0.94,5,0
1208,11.0,0.36,0.46,0.85,7,1
1209,11.2,0.39,0.43,0.87,7,1
1210,10.4,0.65,0.02,0.62,6,0
1211,9.3,0.44,0.15,0.62,5,0
1212,10.4,0.65,0.02,0.62,6,0
1213,10.5,0.38,0.42,0.75,6,0
1214,10.4,0.33,0.46,0.48,6,0
1215,11.3,0.27,0.46,0.56,6,0
1216,9.5,0.57,0.31,0.69,6,0
1217,12.0,0.34,0.37,0.81,6,0
1218,10.6,0.4,0.31,0.69,6,0
1219,10.9,0.39,0.4,0.83,6,0
1220,11.5,0.32,0.52,0.77,6,0
1221,11.5,0.32,0.52,0.77,6,0
1222,9.6,0.53,0.22,0.46,6,0
1223,12.0,0.36,0.47,0.76,6,0
1224,10.3,0.39,0.49,0.82,6,0
1225,9.4,0.46,0.23,0.51,5,0
1226,9.2,0.58,0.03,0.47,5,0
1227,9.6,0.58,0.25,0.72,5,0
1228,13.6,0.42,0.0,0.73,7,1
1229,9.5,0.43,0.29,0.64,5,0
1230,11.8,0.18,0.34,0.78,6,0
1231,10.8,0.815,0.01,0.62,5,0
1232,9.5,0.43,0.29,0.64,5,0
1233,9.3,0.23,0.37,0.49,4,0
1234,12.8,0.75,0.01,0.4,6,0
1235,11.5,0.33,0.32,0.56,4,0
1236,9.4,0.55,0.0,0.64,6,0
1237,12.8,0.75,0.01,0.4,6,0
1238,9.6,0.73,0.0,0.46,4,0
1239,11.8,0.67,0.0,0.56,4,0
1240,9.3,0.61,0.2,0.4,5,0
1241,9.8,0.37,0.39,0.59,5,0
1242,12.2,0.4,0.41,0.6,6,0
1243,9.5,0.56,0.22,0.62,5,0
1244,10.3,0.29,0.25,0.54,6,0
1245,10.5,0.55,0.19,0.68,5,0
1246,10.0,0.74,0.07,0.48,5,0
1247,10.5,0.55,0.19,0.68,5,0
1248,11.1,0.41,0.33,0.75,6,0
1249,10.9,0.6,0.01,0.61,6,0
1250,10.9,0.6,0.01,0.61,6,0
1251,9.8,0.58,0.14,0.59,5,0
1252,9.8,0.72,0.0,0.58,5,0
1253,9.5,0.66,0.0,0.58,5,0
1254,10.9,0.7,0.06,0.69,5,0
1255,11.0,0.64,0.02,0.45,5,0
1256,9.2,0.59,0.22,0.42,5,0
1257,11.0,0.58,0.28,0.7,6,0
1258,11.3,0.64,0.0,0.63,6,0
1259,11.3,0.64,0.0,0.63,6,0
1260,9.3,0.635,0.68,1.15,5,0
1261,11.2,1.02,0.0,0.55,4,0
1262,9.8,0.45,0.38,0.58,5,0
1263,9.6,0.78,0.0,0.46,4,0
1264,11.8,0.37,0.32,0.72,6,0
1265,10.3,0.57,0.05,0.6,6,0
1266,10.3,0.57,0.05,0.6,6,0
1267,11.4,0.43,0.5,0.87,6,0
1268,9.5,0.41,0.31,0.55,6,0
1269,14.0,0.49,0.03,0.82,8,1
1270,14.0,0.38,0.01,0.75,6,0
1271,11.7,0.44,0.2,0.57,6,0
1272,11.2,0.46,0.0,0.53,5,0
1273,9.3,0.58,0.2,0.43,5,0
1274,11.2,0.58,0.13,0.53,6,0
1275,9.5,0.715,0.22,0.54,6,0
1276,12.0,0.4,0.4,0.56,4,0
1277,9.7,0.69,0.0,0.6,6,0
1278,9.5,0.715,0.22,0.54,6,0
1279,11.5,0.3,0.39,0.57,7,1
1280,10.4,0.46,0.2,0.64,6,0
1281,10.4,0.46,0.2,0.64,6,0
1282,10.9,0.765,0.0,0.68,6,0
1283,10.2,0.63,0.28,0.63,6,0
1284,10.9,0.42,0.19,0.56,5,0
1285,10.5,0.37,0.5,0.57,5,0
1286,12.4,0.16,0.44,0.54,6,0
1287,13.0,0.6,0.08,0.37,5,0
1288,10.2,0.6,0.3,1.17,5,0
1289,10.2,0.6,0.3,1.17,5,0
1290,11.0,0.74,0.0,0.59,5,0
1291,10.9,0.635,0.1,0.75,6,0
1292,12.4,0.395,0.13,0.67,6,0
1293,9.7,0.755,0.0,0.49,4,0
1294,10.9,0.635,0.1,0.75,6,0
1295,9.5,0.63,0.0,0.45,5,0
1296,9.5,0.63,0.0,0.45,5,0
1297,12.1,0.53,0.14,0.61,6,0
1298,12.2,0.6,0.0,0.56,6,0
1299,10.9,1.58,0.0,0.4,3,0
1300,12.5,0.645,0.0,0.61,6,0
1301,11.7,0.86,0.07,0.74,6,0
1302,11.2,0.37,0.32,0.8,6,0
1303,11.2,0.28,0.44,0.66,5,0
1304,9.2,0.79,0.21,0.44,5,0
1305,9.8,0.61,0.26,0.53,5,0
1306,10.1,0.69,0.32,0.62,5,0
1307,11.1,0.68,0.09,0.52,4,0
1308,10.1,0.69,0.32,0.62,5,0
1309,9.2,0.62,0.1,0.61,5,0
1310,9.8,0.61,0.26,0.53,5,0
1311,12.8,0.51,0.15,0.59,6,0
1312,10.5,1.18,0.21,0.47,5,0
1313,10.1,0.36,0.21,0.54,6,0
1314,10.1,0.36,0.21,0.53,6,0
1315,9.8,0.63,0.27,0.58,6,0
1316,12.5,0.74,0.0,0.59,6,0
1317,11.9,0.44,0.46,0.69,6,0
1318,9.8,0.63,0.27,0.58,6,0
1319,9.1,0.76,0.68,1.33,6,0
1320,10.1,0.66,0.34,0.66,5,0
1321,12.5,0.74,0.0,0.59,6,0
1322,11.4,0.34,0.42,0.55,5,0
1323,11.0,0.36,0.39,0.82,7,1
1324,10.6,0.46,0.24,0.6,6,0
1325,10.6,0.46,0.24,0.6,6,0
1326,10.6,0.46,0.24,0.6,6,0
1327,10.6,0.46,0.24,0.6,6,0
1328,9.3,0.52,0.11,0.52,5,0
1329,9.8,0.6,0.26,0.56,6,0
1330,9.8,0.6,0.26,0.56,6,0
1331,9.2,0.87,0.26,0.46,5,0
1332,9.7,0.39,0.1,0.43,6,0
1333,9.6,0.775,0.22,0.51,5,0
1334,10.0,0.835,0.0,0.52,5,0
1335,12.6,0.58,0.02,0.66,6,0
1336,9.5,0.5,0.0,0.45,5,0
1337,9.5,0.5,0.0,0.45,5,0
1338,9.5,0.5,0.0,0.45,5,0
1339,10.5,0.51,0.02,0.54,6,0
1340,10.5,0.51,0.02,0.54,6,0
1341,10.5,0.51,0.02,0.54,6,0
1342,10.4,0.54,0.02,0.51,6,0
1343,10.5,0.51,0.02,0.54,6,0
1344,11.0,0.42,0.48,0.53,5,0
1345,10.2,0.44,0.24,0.53,6,0
1346,11.4,0.59,0.01,0.56,5,0
1347,9.5,0.655,0.03,0.39,5,0
1348,9.5,0.655,0.03,0.39,5,0
1349,10.8,0.57,0.0,0.52,5,0
1350,10.0,0.6,0.29,0.57,5,0
1351,11.8,0.62,0.01,0.51,6,0
1352,10.3,0.645,0.03,0.46,5,0
1353,10.3,0.645,0.03,0.46,5,0
1354,10.0,0.58,0.03,0.52,5,0
1355,10.1,0.32,0.25,0.44,5,0
1356,10.1,0.34,0.25,0.44,5,0
1357,11.1,0.43,0.24,0.59,6,0
1358,9.5,0.64,0.17,0.5,5,0
1359,10.0333333333333,0.475,0.4,0.65,6,0
1360,10.9,0.54,0.31,0.56,5,0
1361,10.1,0.85,0.14,0.54,5,0
1362,10.0333333333333,0.475,0.4,0.65,6,0
1363,9.8,0.83,0.27,0.48,4,0
1364,11.8,0.605,0.02,0.53,6,0
1365,9.5,0.5,0.09,0.62,5,0
1366,9.8,0.74,0.08,0.5,5,0
1367,10.5,0.54,0.3,1.18,6,0
1368,9.8,0.77,0.32,0.5,6,0
1369,10.4,0.61,0.0,0.37,4,0
1370,9.2,0.78,0.51,1.17,5,0
1371,11.6,0.58,0.56,1.03,6,0
1372,9.2,0.78,0.51,1.17,5,0
1373,9.3,0.75,0.27,0.45,5,0
1374,9.8,0.815,0.0,0.51,3,0
1375,9.9,0.56,0.26,0.52,5,0
1376,10.0,0.885,0.2,0.46,5,0
1377,12.2,0.49,0.26,0.62,6,0
1378,9.9,0.45,0.15,0.51,6,0
1379,10.8,0.57,0.02,0.62,6,0
1380,10.8,0.57,0.02,0.62,6,0
1381,9.6,0.83,0.09,0.45,5,0
1382,9.9,0.6,0.22,0.49,5,0
1383,9.9,0.6,0.22,0.49,5,0
1384,9.5,0.755,0.15,0.5,5,0
1385,9.2,0.81,0.25,0.42,5,0
1386,9.6,0.64,0.07,0.58,5,0
1387,9.6,0.64,0.07,0.58,5,0
1388,10.3,0.64,0.31,0.68,5,0
1389,9.7,0.48,0.02,0.53,5,0
1390,12.5,0.49,0.0,0.59,6,0
1391,11.0,0.64,0.22,0.58,5,0
1392,9.8,0.62,0.06,0.48,5,0
1393,10.2,0.52,0.25,0.48,5,0
1394,9.2,0.57,0.14,0.48,5,0
1395,9.55,0.685,0.1,0.65,6,0
1396,9.55,0.675,0.1,0.65,5,0
1397,9.9,0.59,0.26,0.52,5,0
1398,10.2,0.6,0.12,0.62,7,1
1399,11.1,0.67,0.0,0.72,6,0
1400,9.9,0.69,0.21,0.51,5,0
1401,9.9,0.69,0.21,0.51,5,0
1402,11.9,0.3,0.42,0.82,6,0
1403,10.0,0.33,0.33,1.1,8,1
1404,10.7,0.5,0.39,0.62,6,0
1405,11.3,0.28,0.3,0.9,7,1
1406,10.9,0.24,0.34,0.94,6,0
1407,10.7,0.51,0.0,0.93,6,0
1408,12.4,0.29,0.36,1.01,7,1
1409,10.7,0.51,0.0,0.93,6,0
1410,11.9,0.96,0.0,0.44,6,0
1411,10.6,0.47,0.4,0.73,6,0
1412,10.9,0.24,0.34,0.94,6,0
1413,10.1,0.57,0.25,0.9,5,0
1414,9.6,0.32,0.59,0.78,5,0
1415,9.4,0.58,0.0,0.84,5,0
1416,9.6,0.32,0.59,0.78,5,0
1417,12.1,0.34,0.33,0.77,7,1
1418,9.8,0.53,0.01,0.46,5,0
1419,9.9,0.64,0.21,0.45,5,0
1420,9.8,0.53,0.01,0.46,5,0
1421,9.4,0.4,0.18,0.58,5,0
1422,11.4,0.54,0.0,0.84,6,0
1423,11.0,0.53,0.09,0.67,4,0
1424,9.6,0.26,0.37,0.7,6,0
1425,9.6,0.26,0.37,0.7,6,0
1426,12.1,0.23,0.37,0.71,6,0
1427,11.2,0.41,0.33,0.58,5,0
1428,11.0,0.64,0.0,0.63,5,0
1429,11.3,0.18,0.4,0.93,5,0
1430,10.4,0.41,0.24,0.62,5,0
1431,9.9,0.43,0.31,0.54,6,0
1432,11.7,0.44,0.0,0.85,6,0
1433,10.1,0.4,0.16,0.74,7,1
1434,9.0,0.54,0.37,0.77,6,0
1435,9.0,0.54,0.37,0.77,6,0
1436,8.5,0.38,0.38,0.65,5,0
1437,11.1,0.915,0.29,0.54,5,0
1438,10.3,0.59,0.0,0.47,5,0
1439,11.066666666666698,0.67,0.02,0.68,6,0
1440,11.3,0.37,0.32,0.73,7,1
1441,9.56666666666667,0.785,0.19,0.52,6,0
1442,9.8,0.63,0.02,0.75,5,0
1443,11.7,0.58,0.2,0.49,5,0
1444,11.1,0.67,0.02,0.68,6,0
1445,9.6,0.785,0.19,0.52,6,0
1446,9.8,0.63,0.02,0.75,5,0
1447,9.7,0.67,0.0,0.74,5,0
1448,9.7,0.58,0.01,0.73,5,0
1449,11.3,0.38,0.31,0.76,8,1
1450,11.3,0.37,0.32,0.73,7,1
1451,11.0,0.32,0.44,0.78,7,1
1452,11.6,0.58,0.02,0.76,7,1
1453,9.0,0.49,0.33,0.58,5,0
1454,10.9,0.45,0.63,0.69,6,0
1455,10.9,0.9,0.0,0.63,6,0
1456,10.55,0.54,0.06,0.5,6,0
1457,9.0,0.49,0.33,0.58,5,0
1458,10.5,0.29,0.4,0.6,5,0
1459,11.9,0.2,0.35,0.8,7,1
1460,10.4,0.42,0.09,0.68,6,0
1461,10.0,0.785,0.0,0.61,4,0
1462,10.4,0.64,0.03,0.58,6,0
1463,10.8,0.63,0.01,0.53,6,0
1464,9.7,0.59,0.1,0.67,5,0
1465,9.7,0.59,0.1,0.67,5,0
1466,10.0,0.48,0.32,0.65,7,1
1467,11.0,1.04,0.08,0.57,4,0
1468,10.0,0.48,0.32,0.65,7,1
1469,9.7,0.98,0.05,0.55,3,0
1470,9.7,0.69,0.11,0.47,5,0
1471,12.6,0.7,0.08,0.52,5,0
1472,11.1,0.35,0.6,0.79,6,0
1473,11.0,0.6,0.08,0.54,5,0
1474,8.8,0.5,0.5,0.75,5,0
1475,13.566666666666698,0.47,0.11,0.88,7,1
1476,8.8,0.5,0.5,0.75,5,0
1477,13.6,0.47,0.11,0.88,7,1
1478,10.2,0.875,0.05,0.52,3,0
1479,10.6,0.28,0.6,0.68,5,0
1480,10.1,0.62,0.03,0.62,4,0
1481,10.6,0.28,0.6,0.68,5,0
1482,10.3,0.58,0.54,0.57,4,0
1483,10.7,0.33,0.44,0.61,5,0
1484,10.9,0.91,0.06,0.64,4,0
1485,9.7,0.655,0.16,0.55,5,0
1486,10.3,0.68,0.21,0.6,5,0
1487,10.6,0.64,0.05,0.78,5,0
1488,11.4,0.54,0.04,0.58,5,0
1489,10.8,0.57,0.1,0.76,6,0
1490,12.4,0.22,0.49,0.56,6,0
1491,11.4,0.54,0.04,0.58,5,0
1492,11.95,0.65,0.06,0.54,5,0
1493,9.7,0.54,0.26,0.59,5,0
1494,10.0,0.31,0.09,0.7,7,1
1495,10.6,0.43,0.02,0.81,6,0
1496,9.7,0.54,0.26,0.59,5,0
1497,11.5,0.74,0.03,0.63,6,0
1498,10.8,0.895,0.04,0.58,6,0
1499,11.5,0.74,0.03,0.63,6,0
1500,9.6,0.725,0.04,0.53,5,0
1501,9.4,0.82,0.29,0.53,5,0
1502,9.8,0.585,0.18,0.54,5,0
1503,11.0,0.44,0.39,0.69,6,0
1504,11.4,0.38,0.57,0.55,6,0
1505,9.95,0.76,0.02,0.63,3,0
1506,10.8,0.81,0.05,0.66,6,0
1507,11.4,0.38,0.57,0.55,6,0
1508,10.6,0.27,0.6,0.72,6,0
1509,11.1,0.18,0.4,0.7,5,0
1510,9.7,0.36,0.21,0.77,6,0
1511,9.8,0.69,0.04,0.67,5,0
1512,10.4,0.79,0.04,0.65,6,0
1513,10.5,0.56,0.15,0.6,6,0
1514,9.23333333333333,0.84,0.21,0.72,6,0
1515,9.25,0.84,0.21,0.72,6,0
1516,10.6,0.32,0.25,0.97,5,0
1517,10.3,0.53,0.06,0.83,6,0
1518,10.5,0.47,0.46,0.63,5,0
1519,10.2,0.7,0.08,0.58,5,0
1520,10.3,0.53,0.06,0.83,6,0
1521,9.05,0.48,0.2,0.43,4,0
1522,10.6,0.32,0.25,0.97,5,0
1523,10.4,0.48,0.25,0.6,5,0
1524,10.0,0.42,0.19,0.78,6,0
1525,9.7,0.48,0.08,0.64,5,0
1526,9.6,0.47,0.08,0.65,6,0
1527,10.8,0.53,0.07,0.66,6,0
1528,10.1,0.29,0.49,0.67,6,0
1529,10.2,0.69,0.08,0.6,6,0
1530,11.3,0.44,0.09,0.69,6,0
1531,10.2,0.705,0.1,0.66,5,0
1532,9.9,0.53,0.13,0.68,6,0
1533,9.0,0.39,0.3,0.61,5,0
1534,11.7,0.56,0.14,0.62,7,1
1535,9.7,0.55,0.13,0.59,6,0
1536,10.3,0.53,0.08,0.68,6,0
1537,10.2,0.58,0.08,0.64,6,0
1538,12.0,0.64,0.09,0.63,5,0
1539,9.9,0.39,0.32,0.78,5,0
1540,11.6,0.52,0.08,0.63,6,0
1541,10.9,0.25,0.29,0.76,7,1
1542,10.75,0.855,0.02,0.56,6,0
1543,10.4,0.44,0.42,0.57,6,0
1544,11.2,0.37,0.43,0.81,7,1
1545,10.1,0.63,0.33,0.64,6,0
1546,10.2,0.57,0.02,0.61,5,0
1547,12.1,0.6,0.1,0.51,5,0
1548,10.4,0.4,0.5,0.58,5,0
1549,11.4,0.36,0.3,0.7,8,1
1550,9.5,0.68,0.0,0.53,5,0
1551,9.4,0.67,0.0,0.54,5,0
1552,11.3,0.68,0.01,0.66,6,0
1553,9.4,0.735,0.0,0.6,5,0
1554,11.0,0.855,0.02,0.6,6,0
1555,10.55,0.56,0.17,0.68,7,1
1556,9.9,0.88,0.04,0.56,5,0
1557,11.0,0.855,0.02,0.6,6,0
1558,9.5,0.63,0.33,0.56,5,0
1559,9.9,0.6,0.26,0.52,5,0
1560,9.9,0.6,0.26,0.52,5,0
1561,9.9,0.6,0.26,0.52,5,0
1562,10.1,0.695,0.13,0.54,5,0
1563,10.1,0.695,0.13,0.54,5,0
1564,10.1,0.695,0.13,0.54,5,0
1565,10.9,0.67,0.02,0.82,6,0
1566,11.2,0.16,0.64,0.71,6,0
1567,10.1,0.695,0.13,0.54,5,0
1568,9.2,0.56,0.13,0.59,5,0
1569,11.5,0.51,0.14,0.57,6,0
1570,12.4,0.36,0.53,0.93,6,0
1571,11.1,0.38,0.14,0.65,6,0
1572,9.5,0.69,0.32,0.51,5,0
1573,12.5,0.58,0.2,0.67,6,0
1574,10.5,0.31,0.78,0.48,6,0
1575,11.8,0.52,0.4,0.64,6,0
1576,10.8,0.3,0.63,0.78,6,0
1577,11.9,0.7,0.15,0.6,6,0
1578,11.3,0.67,0.15,0.67,6,0
1579,11.3,0.56,0.09,0.6,5,0
1580,11.9,0.35,0.33,0.6,6,0
1581,11.3,0.56,0.09,0.6,5,0
1582,11.9,0.715,0.1,0.5,5,0
1583,9.8,0.46,0.29,0.62,5,0
1584,11.6,0.32,0.44,0.8,7,1
1585,11.5,0.39,0.44,0.84,6,0
1586,11.4,0.31,0.41,0.85,6,0
1587,10.9,0.61,0.11,0.66,6,0
1588,12.8,0.66,0.33,0.78,6,0
1589,9.2,0.725,0.2,0.54,5,0
1590,11.6,0.55,0.15,0.82,6,0
1591,11.6,0.74,0.09,0.56,6,0
1592,11.0,0.51,0.13,0.75,6,0
1593,9.5,0.62,0.08,0.82,6,0
1594,10.5,0.6,0.08,0.58,5,0
1595,11.2,0.55,0.1,0.76,6,0
1596,11.0,0.51,0.13,0.75,6,0
1597,10.2,0.645,0.12,0.71,5,0
1598,11.0,0.31,0.47,0.66,6,0
